{
  "app lebels start" :"----------------------------------------------------",
  "label.product.title" : "Mifos-X क्लाइंट",
  "label.change.language" : "भाषा बदल:",
  "label.username" : "प्रयोक्ता नाम",
  "label.password" : "पासवर्ड",
  "label.signin":"साइन इन करें",
  "label.systemid": "सिस्टम आईडी :",
  "label.loanofficer" : "ऋण अधिकारी :",
  "label.product.name" : "Mifos X",
  "label.product.version" : "संस्करण 1.6.3",
  "label.product.status" : "MifosX तारीख तक है",
  "label.product.aboutus1" : "MifosX को डिज़ाइन किया गया है ",
  "label.product.aboutus2" : "ग्लोबल कम्यूनिटी",
  "label.product.aboutus3" : "विशेष रूप से, गरीब महिलाओं के लिए एक साथ काम कर रहे हैं, वित्तीय सेवाओं के लिए पहुँच प्राप्त.",
  "label.get.involved1" : "रोचक लगती है?",
  "label.get.involved2" : "शामिल हो जाओ!",
  "label.community.name" : "COSM",
  "label.resources" : "संसाधन",
  "label.usermanual" : "उपयोगकर्ता गाइड",
  "label.functional.spec" : "कार्यात्मक कल्पना",
  "label.faq" : "अक्सर पूछे जाने वाले सवाल",
  "label.community" : "समुदाय",
  "label.users.group" : "उपयोगकर्ता समूह",
  "label.developer.group" : "डेवलपर समूह",
  "label.product.irc" : "आईआरसी",
  "label.product.news" : "समाचार और आगामी घटनाएँ",

 "# common table headings":"....",
  "table.heading.officename":"ऑफिस का नाम",
  "table.heading.name":"नाम",
 
 "# common label headings":"....",
  "label.firstname":"प्रथम नाम:",
  "label.lastname":"आखिरी नाम:",
  "label.office":"कार्यालय:",

 "#employee table":"....",
  "table.heading.isLoanOfficer":"वह ऋण अधिकारी है?",
  "link.create.new.employee":"कर्मचारी को बनाने" ,

  "#view employee":"....",
  "label.employee.isLoanOfficer":"वह ऋण अधिकारी है? :",

  "#view employee":"....",
  "label.office.parentoffice":"मूल कार्यालय:",
  "label.office.openedon":"पर खोला:",
  "label.office.namedecorated":"सजाया नाम:",
  "label.office.externalid":"एक्सटर्नल आईडी:",

  "link.home" : "घर",
  "link.tasks" : "कार्य",
  "link.clients" : "ग्राहकों",
  "link.accounting": "अकाउंटिंग",
  "link.reports" : "रिपोर्टों",
  "link.products" : "उत्पादों",
  "link.admin" : "आडमिन",
  "link.clients.clients" : "ग्राहकों",
  "link.clients.groups" : "समूहों",
  "link.clients.centers" : "केन्द्रों",
  "link.reports.all" : "सब",
  "link.reports.clients" : "ग्राहकों",
  "link.reports.loans" : "ऋण",
  "link.reports.funds" : "फंडों",
  "link.reports.accounting" : "अकाउंटिंग",
  "link.products.loanproducts" : "ऋण उत्पादों",
  "link.products.savingproducts" : "बचत उत्पादों",
  "link.products.productsmix" : "उत्पादों मिश्रण",
  "link.products.charges" : "प्रभार / दंड",
  "link.admin.users" : "उपयोगकर्ताओं",
  "link.admin.organisation" : "संगठन",
  "link.admin.system" : "सिस्टम",
  "link.profile" : "प्रोफ़ाइल",
  "link.settings" : "सेटिंग्स",
  "link.logout" : "लॉगआउट",

  "#accounting coa":"....",
  "button.addaccount":"खाते जोड़ें",
  "table.heading.accname":"खाते का नाम",
  "table.heading.glcode":"जीएल कोड",
  "table.heading.acctype": "खाता प्रकार",
  "table.heading.disabled":"अक्षम",
  "table.heading.manualentriesallowed":"मैनुअल प्रविष्टियां अनुमति है?",
  "table.heading.usedas":"के रूप में इस्तेमाल",
  "label.accountname":"खाते का नाम",
  "label.glcode":"जीएल कोड",
  "label.accounttype":"खाता प्रकार",
  "label.accountusage":"खाता उपयोग",
  "label.parent":"जनक चयन करें",
  "label.manualentriesallowed":"मैनुअल प्रविष्टियां अनुमति है?",
  "label.description":"विवरण",
  "label.tag":"टैग",
  "label.parentaccountname":"खाते के जनक",
  "label.position":"स्थान",

  "#Office ":"....",
  "label.officename":"ऑफिस का नाम:",
  "label.openedon":"पर खोला:",
  "label.externalId":"एक्सटर्नल आईडी:",
  "label.parentoffice":"मूल कार्यालय:",
  "app lebels end" :"-----------------------------------------------------",		
  "app erros start" :"----------------------------------------------------",		
  "error.login.failed":"फिर प्रयास करें, अपने क्रेडेंशियल्स मान्य नहीं हैं",



  "app erros end" :"------------------------------------------------------"

}