{
    "@metadata": {
        "authors": [
            "Cedric31"
        ]
    },
    "label.product.title": "Client Mifos-X",
    "label.change.language": "Cambiar de lenga :",
    "label.username": "Nom d'utilizaire",
    "label.password": "Senhal",
    "label.signin": "Connexion",
    "label.systemid": "Sist\u00e8ma id :",
    "label.product.name": "Mifos X",
    "label.product.version": "Version 1.6.3",
    "label.product.status": "MifosX es fins a data",
    "label.product.aboutus1": "MifosX es concebut per",
    "label.product.aboutus2": "comunautat mondiala",
    "label.get.involved1": "Aqu\u00f2 vos inter\u00e8ssa ?",
    "label.get.involved2": "implicatz-vos !",
    "label.community.name": "Mifos Initiative",
    "label.resources": "Ressorsas",
    "label.usermanual": "M\u00f2de d'emplec",
    "label.functional.spec": "Especificacion foncionala",
    "label.faq": "FAQ",
    "label.community": "Comunautat",
    "label.users.group": "Grop d'utilizaires",
    "label.developer.group": "Grop de desvolopaires",
    "label.product.irc": "IRC",
    "label.product.news": "Actualitats e Eveniments a venir",
    "label.savingsreference": "Refer\u00e9ncia de l\u2019estalvi",
    "label.savingscontrol": "Contrar\u00f2tla de l\u2019estalvi",
    "label.interestonsavings": "Inter\u00e8sses de l\u2019estalvi",
    "label.incomefromfee": "Revengut de la taxa",
    "label.assets": "Actiu",
    "label.liabilities": "Passiu",
    "label.expenses": "Despensas",
    "label.income": "Revengut",
    "label.heading.paymenttype": "Tipe de pagament",
    "label.heading.fundsource": "Font de fonses",
    "label.accountingrules": "R\u00e8glas comptablas",
    "label.annualfeeon": "Fraisses annadi\u00e8rs sus :",
    "label.advancedaccountingrules": "R\u00e8glas comptablas avan\u00e7adas",
    "label.heading.configurefundsourcesforpaymentchannels": "Configurar las fonts de fonses pels canals de pagament",
    "label.startpage": "Pagina d'aviada",
    "label.homepage": "Pagina d'acu\u00e8lh",
    "label.loginpage": "Pagina de connexion",
    "label.manageusers": "Gerir los utilizaires",
    "label.manageroles": "Gerir los r\u00f2tles",
    "button.login": "Connexion",
    "label.pendingtasks": "Pr\u00e8tzfaches en esp\u00e8ra",
    "label.clientapproval": "Aprovacion del client",
    "label.loanapproval": "Aprovacion del pr\u00e8st",
    "label.loandisbursal": "Descaissament del pr\u00e8st",
    "label.navigation": "Navigacion",
    "table.heading.officename": "Nom del bur\u00e8u",
    "table.heading.name": "Nom",
    "table.heading.description": "Descripcion",
    "table.heading.filename": "Nom del fichi\u00e8r",
    "table.heading.actions": "Accions",
    "table.heading.value": "Valor",
    "table.heading.entity": "Entitat",
    "label.changepassword": "Cambiar lo senhal",
    "label.repeatpassword": "Repetir lo senhal",
    "label.loginname": "Nom de connexion",
    "label.email": "Adre\u00e7a de corri\u00e8r electronic",
    "label.enable": "Activar",
    "label.disable": "Desactivar",
    "label.approve": "Aprovar",
    "label.ispenalty": "Es una penalitat",
    "label.firstname": "Pichon nom :",
    "label.middlename": "Segond pichon nom :",
    "label.lastname": "Nom d'ostal :",
    "label.office": "Bur\u00e8u :",
    "label.currency": "Devisa :",
    "label.name": "Nom :",
    "label.filename": "Nom del fichi\u00e8r :",
    "label.manageoffices": "Gerir los bur\u00e8us",
    "label.manageholidays": "Gerir los jorns feriats",
    "label.manageemployees": "Gerir los emplegats",
    "label.managedatatables": "Gerir las taulas de donadas",
    "label.createoffice": "Crear un bur\u00e8u",
    "label.editoffice": "Modificar un bur\u00e8u",
    "label.createemployee": "Crear un emplegat",
    "label.managefunds": "Gerir los fonses",
    "label.currencyconfig": "Configuracion de las devisas",
    "label.editcurrencyconfig": "Modificar la configuracion de la devisa",
    "label.charges": "Cargas",
    "label.transactionId": "Id de la transaccion",
    "label.value": "Valor :",
    "label.collaterals": "Garantidas",
    "label.suspend": "Suspendre",
    "label.minimum": "Minimum",
    "label.default": "Per defaut",
    "label.maximum": "Maximum",
    "label.multiplesof": "Devisa en multiples de :",
    "label.dueon": "Degut sus",
    "label.codename": "Nom de c\u00f2de",
    "label.requirefield": "Camp obligat\u00f2ri",
    "label.loanofficer": "Agent de cr\u00e8dit :",
    "label.fromdate": "A partir de la data",
    "label.todate": "Fins a la data",
    "label.select.staff": "Seleccionar l\u2019equipa",
    "label.select.fund": "Seleccionar lo fons",
    "label.select.charge": "Seleccionar la carga",
    "label.select.office": "Seleccionar lo bur\u00e8u",
    "label.select.center": "Seleccionar lo centre",
    "label.select.group": "Seleccionar lo grop",
    "label.select.loanofficer": "Seleccionar l\u2019agent de cr\u00e8dit",
    "label.select.currency": "Seleccionar la devisa",
    "label.select": "-- Seleccionar --",
    "label.months": "mes(es)",
    "label.duedate": "Data d'escasen\u00e7a",
    "label.repeatsevery": "Repet\u00eds a cada",
    "label.editcharge": "Modificar las cargas",
    "label.createcharge": "Crear una carga",
    "tab.checkerinbox": "Banasta d\u2019arribada del contrarotlador",
    "link.create.new.template": "Crear lo mod\u00e8l",
    "label.advancedoptions": "Opcions avan\u00e7adas",
    "label.mapperkey": "Clau de correspond\u00e9ncia :",
    "label.mappervalue": "Valor de correspond\u00e9ncia :",
    "label.templatename": "Nom del mod\u00e8l :",
    "label.type": "Tipe :",
    "label.form.type": "Tipe",
    "label.text": "T\u00e8xte :",
    "label.templates": "Mod\u00e8ls",
    "label.createtemplate": "Crear lo mod\u00e8l",
    "label.edittemplate": "Modificar lo mod\u00e8l",
    "button.print": "Imprimir",
    "label.edituser": "Modificar l'utilizaire",
    "label.createuser": "Crear l'utilizaire",
    "label.autogeneratepassword": "Generar automaticament lo senhal :",
    "label.selectroles": "Seleccionar los r\u00f2tles :",
    "button.edit": "Modificar",
    "button.add": "Apondre",
    "button.save": "Enregistrar",
    "button.cancel": "Anullar",
    "button.delete": "Suprimir",
    "button.undo": "Anullar",
    "button.view": "Afichar",
    "button.newloan": "Pr\u00e8st nov\u00e8l",
    "button.activate": "Activar",
    "button.assignstaff": "Afectar una equipa",
    "button.unassignstaff": "Suprimir l\u2019afectacion de l\u2019equipa",
    "button.assignloanofficer": "Afectar un agent de cr\u00e8dit",
    "button.unassignloanofficer": "Suprimir l\u2019afectacion de l\u2019agent de cr\u00e8dit",
    "button.waive": "Renonciar",
    "button.deleteall": "Suprimir tot",
    "button.upload": "Importar",
    "button.addcharge": "Apondre una carga",
    "button.accept.transfer": "Acceptar un transferiment",
    "button.reject.transfer": "Refusar un transferiment",
    "button.undo.transfer": "Anullar un transferiment",
    "table.heading.datatablename": "Nom de la taula de donadas",
    "table.heading.new.name": "Nom nov\u00e8l",
    "table.heading.new.code": "C\u00f2de nov\u00e8l",
    "table.heading.associatedwith": "Associat amb",
    "button.createdatatable": "Crear la taula de donadas",
    "label.edit.datatable": "Modificar la taula de donadas",
    "label.columntypeerr": "Lo tipe necessita",
    "label.columnnameerr": "Lo nom de colomna necessita",
    "table.heading.fieldname": "Nom de camp",
    "table.heading.type": "Tipe",
    "table.heading.length": "Longor",
    "table.heading.code": "C\u00f2de",
    "table.heading.mandatory": "Obligat\u00f2ri",
    "label.associatedwith": "Associat amb :",
    "table.heading.isLoanOfficer": "Es un agent de cr\u00e8dit\u202f?",
    "link.create.new.employee": "Crear un emplegat",
    "table.heading.active": "Actiu",
    "table.heading.nextrun": "Execucion venenta",
    "table.heading.previousrun": "Execucion precedenta",
    "table.heading.previousrunstatus": "Estat de l\u2019execucion precedenta",
    "table.heading.currentstatus": "Estat actual",
    "label.schedulerstatus": "Estat del planificador",
    "label.jobname": "Nom del pr\u00e8tzfach :",
    "label.selectall": "Seleccionar tot",
    "label.cronexpression": "Expression del cron :",
    "label.follow": "Seguiment :",
    "label.isactivejob": "Es un pr\u00e8tzfach actiu :",
    "label.manageschedulerjobs": "Pr\u00e8tzfaches del planificador",
    "label.editschedulerjob": "Modificar lo pr\u00e8tzfach del planificador",
    "table.heading.version": "Version",
    "table.heading.runstarttime": "Ora de comen\u00e7ament d\u2019execucion",
    "table.heading.status": "Estat",
    "table.heading.runtype": "Tipe d\u2019execucion",
    "label.filterbyversion": "Filtrar per Version/Tipe d\u2019execucion",
    "label.schedularjobhistory": "Istoric dels pr\u00e8tzfaches del planificador",
    "label.employee.isLoanOfficer": "es un agent de cambi\u202f? :",
    "label.office.parentoffice": "Bur\u00e8u paire :",
    "label.office.openedon": "Dob\u00e8rt lo :",
    "label.office.namedecorated": "Nom embelit :",
    "label.office.externalid": "Id ext\u00e8rne :",
    "tab.general": "General",
    "label.accountno": "Num\u00e8ro de compte :",
    "label.numofloancycle": "Cicle de pr\u00e8st # :",
    "label.lastloanamount": "Montant del darri\u00e8r pr\u00e8st :",
    "label.numofactiveloans": "# de pr\u00e8sts actius :",
    "label.totalsavings": "Montant total d\u2019estalvi :",
    "label.numofactivesavings": "# d\u2019estalvis actius :",
    "label.activationdate": "Data d\u2019activacion :",
    "label.officename": "Nom del bur\u00e8u :",
    "label.memberof": "Membre de :",
    "table.heading.uniqueidentification": "# d\u2019identificacion unica",
    "table.heading.identitydocuments": "P\u00e8\u00e7as d\u2019identitat",
    "label.loanaccounts": "Comptes de pr\u00e8st",
    "label.loantype": "Tipe de pr\u00e8st",
    "label.savingaccounts": "Comptes d\u2019estalvi",
    "label.balance": "S\u00f2lde",
    "button.transferclient": "Transferir lo client",
    "label.assignstaff": "Afectar una equipa",
    "label.closurereason": "Motiu de clausadura",
    "tab.heading.client.documents": "Documents",
    "label.select.file": "Seleccionar un fichi\u00e8r",
    "link.view.client": "Afichar lo client",
    "link.add.clientidentifier": "Apondre un identificant de client",
    "label.select.identitydocument.type": "Seleccionar un tipe de p\u00e8\u00e7a d\u2019identitat",
    "label.unique.identification": "# d\u2019identificacion unica",
    "label.document.type": "Tipe de p\u00e8\u00e7a d\u2019identitat :",
    "label.upload.client.document": "Telecargar lo document del client",
    "label.add.client.identifier": "Apondre un identificant de client",
    "tab.templates": "Mod\u00e8ls",
    "tab.identities": "Identitats",
    "tab.closedaccount": "Compte corrent tampat",
    "label.addclients": "Apondre de clients",
    "label.individual": "Individual",
    "label.corporate": "Entrepresa",
    "label.externalid": "Id ext\u00e8rne",
    "label.active": "Actiu",
    "label.fullname": "Nom complet o rason sociala :",
    "label.editclient": "Modificar lo client",
    "label.createclient": "Crear un client",
    "title.client.activate": "Activacion del client",
    "title.client.assignloanofficer": "Afectar un agent de cr\u00e8dit",
    "label.client.select.image": "F\u00f2to del client",
    "label.filterbynameaccno": "Filtrar per nom/#cpt/equipa/bur\u00e8u",
    "label.loanaccount": "Compte de pr\u00e8st",
    "label.applicant": "Nom del client :",
    "label.product": "Produch :",
    "label.fund": "Fons :",
    "label.loanterm": "Durada del pr\u00e8st :",
    "label.submittedon": "Prepausat lo :",
    "label.repaidevery": "Remborsat a cada :",
    "label.expecteddisbursementon": "Descaissaments esperats sus :",
    "label.nominalinterestrate": "Taus d\u2019inter\u00e8s nominal (%) :",
    "label.numofrepayments": "# de remborsaments :",
    "label.select.loan.product": "Seleccionar un produch de pr\u00e8st",
    "label.select.purpose": "Seleccionar un motiu de pr\u00e8st",
    "label.unassignloanofficer": "Suprimir l\u2019afectacion de l\u2019agent de cr\u00e8dit",
    "label.loan.offiecer.unassigneddate": "Data de supression de l\u2019afectacion :",
    "label.loan.application": "Nov\u00e8la demanda de pr\u00e8st",
    "label.loanpurpose": "Rason del pr\u00e8st :",
    "label.select.product": "Seleccionar un produch",
    "form.legend.new.loan.application": "Nov\u00e8la demanda de pr\u00e8st",
    "form.legend.new.jlg.loan.application": "Nov\u00e8la demanda de pr\u00e8st JLG",
    "button.addloancharge": "Apondre los fraisses de pr\u00e8st",
    "button.addcollateral": "Apondre una garantida",
    "button.modifyapplication": "Modificar la demanda",
    "button.approve": "Aprovar",
    "button.reject": "Regetar",
    "button.withdrawnbyclient": "Levada pel demandaire",
    "button.guarantor": "Garant",
    "button.undoapproval": "Anullar l\u2019aprovacion",
    "button.disburse": "Descaissar",
    "button.Guarantor": "Garant",
    "button.undodisbursal": "Anullar lo descaissament",
    "button.makerepayment": "Efectuar lo remborsament",
    "button.waiveinterest": "Renonciar als inter\u00e8sses",
    "button.writeoff": "Radiacion",
    "button.close-rescheduled": "Tampar (perque reescalonat)",
    "button.close": "Tampar",
    "button.more": "Mai",
    "label.charge": "Carga :",
    "label.charge.calculation": "Calcul de las cargas :",
    "label.charge.calculation.time": "Peri\u00f2de de la carga :",
    "label.add.loan.charge": "Apondre una carga de pr\u00e8st",
    "label.view.loan.account": "Afichar lo pr\u00e8st",
    "label.add.loan.collateral": "Apondre una garantida",
    "label.collateral.type": "Tipe",
    "label.assign.loan.officer": "Afectar un agent de cr\u00e8dit",
    "label.loanofficer.assignmentDate": "Data de l\u2019afectacion :",
    "label.toloanofficer": "A l'agent de cr\u00e8dit",
    "label.approve.loan.account": "Aprovar lo pr\u00e8st",
    "label.loan.account.approvedOnDate": "Aprovat lo :",
    "label.reject.loan.account": "Refusar lo pr\u00e8st",
    "label.loan.account.rejectedOnDate": "Refusat lo :",
    "label.withdraw.loan.account": "Levat pel demandaire",
    "label.loan.account.withdrawnOnDate": "Levat lo :",
    "label.loan.account.disbursedOnDate": "Descaissat lo :",
    "label.disburse.loan.account": "Descaissament del pr\u00e8st",
    "label.loan.account.paymentTypeId": "Tipe de pagament",
    "label.loan.account.show.payment.details": "Afichar los detalhs del pagament",
    "label.loan.account.accountNumber": "Num\u00e8ro de compte :",
    "label.loan.account.checkNumber": "Num\u00e8ro de ch\u00e8c :",
    "label.loan.account.routingCode": "C\u00f2de d\u2019acaminament",
    "label.loan.account.receiptNumber": "Num\u00e8ro de recebut",
    "label.loan.account.bankNumber": "Num\u00e8ro de banca",
    "label.loan.repayments": "Remborsament del pr\u00e8st",
    "label.loan.account.transactionDate": "Data de la transaccion",
    "label.loan.account.transactionAmount": "Montant",
    "label.undoapprove.loan.account": "Anullar l\u2019aprovacion del pr\u00e8st",
    "label.undodisburse.loan.account": "Anullar lo versament del pr\u00e8st",
    "label.loan.waiveinterest": "Renonciar als inter\u00e8sses",
    "label.loan.account.interestwaivedOn": "Data de radiacion :",
    "label.writeoff.loan.account": "Considerar lo pr\u00e8st coma perdut",
    "label.loan.account.writeoffOnDate": "Radiat lo :",
    "label.close.loan.account.asrescheduled": "Tampar lo pr\u00e8st (perque reescalonat)",
    "label.loan.account.closedOnDate": "Tampat en data del :",
    "form.legend.edit.loan.account": "Modificacion de l\u2019aplicacion del pr\u00e8st",
    "label.loan.view.collateral": "Afichar la garantida",
    "label.edit.loan.collateral": "Modificar la garantida",
    "table.heading.fees.or.penalties": "Fraisses/Penalitat",
    "table.heading.paymentdue.at": "Pagament degut a",
    "table.heading.paymentdue.asof": "Degut a partir de",
    "table.heading.calculation.type": "Tipe de calcul",
    "table.heading.due": "Degut",
    "label.loan.view.charge": "Afichar los detalhs de las cargas",
    "label.edit.loan.charge": "Modificar los fraisses del pr\u00e8st",
    "label.loan.account.repayment.info": "Informacion sul remborsament",
    "label.loan.account.backto.loan.info": "Retorn a l\u2019informacion sul pr\u00e8st",
    "label.arrearsby": "Arrierats per :",
    "label.status": "Estat",
    "label.disbursementdate": "Data de versament :",
    "label.disburseamount": "Montant del capital :",
    "tab.summary": "Resumit",
    "tab.accountdetail": "Detalhs",
    "tab.repaymentschedule": "Calendi\u00e8r",
    "tab.transaction": "Transaccion",
    "tab.loancollaterals": "Garantidas",
    "tab.charges": "Cargas",
    "tab.loandocuments": "Documents",
    "tab.notes": "N\u00f2tas",
    "label.repayments": "Remborsaments :",
    "label.repaymentstrategy": "Estrategia de remborsament :",
    "label.amortization": "Amortiment :",
    "label.interest": "Inter\u00e8s :",
    "label.submittedondate": "Prepausat lo :",
    "label.approvedondate": "Aprovat lo :",
    "label.disbursedondate": "Descaissat lo :",
    "label.matureson": "Madurat lo :",
    "label.interestmethod": "Met\u00f2de de l\u2019inter\u00e8s :",
    "label.grace": "Gr\u00e0cia :",
    "label.disburse": "Descaissar",
    "label.heading.details": "Detalhs",
    "label.heading.terms": "Condicions",
    "label.heading.accounting": "Comptabilitat",
    "label.description": "Descripcion",
    "label.decimalplaces": "Empla\u00e7ament de la decimala :",
    "label.currencyinmultiplesof": "Devisa en multiples de :",
    "label.heading.settings": "Param\u00e8tres",
    "label.heading.assets": "Actiu",
    "label.heading.liabilities": "Passiu",
    "label.heading.expenses": "Despensas",
    "label.heading.income": "Revengut",
    "label.center": "Centre :",
    "label.group": "Grop :",
    "label.meetingcalendar": "Data de la transaccion :",
    "table.heading.paid": "Pagat",
    "table.heading.interest": "Inter\u00e8s",
    "table.heading.penalties": "Penalitats",
    "table.heading.total": "Total",
    "table.heading.waived": "Anullat",
    "table.heading.writtenoff": "Considerat coma perdut",
    "table.heading.outstanding": "Pas pagat",
    "table.heading.overdue": "En retard",
    "table.heading.date": "Data",
    "table.heading.days": "# jorns",
    "table.heading.disbursement": "Descaissament",
    "table.heading.balanceofloan": "OLB",
    "table.heading.fees": "Fraisses",
    "table.heading.totaldue": "Total degut",
    "table.heading.totalpaid": "Pagat",
    "table.heading.totalpaidinadvance": "En avan\u00e7a",
    "table.heading.totalpaidlate": "En retard",
    "table.heading.totalwaived": "Renonciat",
    "table.heading.totaloutstanding": "Pas pagat",
    "table.heading.transactionId": "Id de la transaccion",
    "table.heading.transactiondate": "Data de la transaccion",
    "table.heading.transactiontype": "Tipe",
    "table.heading.amount": "Montant",
    "table.heading.breakdown": "Reparticion",
    "table.heading.penalities": "penalitats",
    "table.heading.debit": "Debit",
    "table.heading.credit": "Cr\u00e8dit",
    "table.heading.balance": "S\u00f2lde",
    "link.home": "Ostal",
    "link.tasks": "Pr\u00e8tzfaches",
    "link.clients": "Clients",
    "link.accounting": "Comptabilitat",
    "link.reports": "Rap\u00f2rts",
    "link.products": "Produches",
    "link.admin": "Admin",
    "link.clients.clients": "Clients",
    "link.clients.groups": "Gropes",
    "link.clients.centers": "Centres",
    "link.reports.all": "Totes",
    "link.reports.clients": "Clients",
    "link.reports.loans": "Pr\u00e8stes",
    "link.reports.funds": "Fonses",
    "link.reports.accounting": "Comptabilitat",
    "link.products.loanproducts": "Produches de pr\u00e8st",
    "link.products.savingproducts": "Produches d'estalvi",
    "link.admin.users": "Utilizaires",
    "link.admin.organisation": "Organizacion",
    "link.admin.products": "Produches",
    "link.admin.templates": "Mod\u00e8ls",
    "link.admin.system": "Sist\u00e8ma",
    "link.admin.configuration": "Configuracions",
    "link.profile": "Perfil",
    "link.settings": "Param\u00e8tres",
    "link.logout": "Desconnexion",
    "label.good": "Bon",
    "label.fair": "Mejan",
    "label.bad": "Marrit",
    "label.excellent": "Excellent"
}