{
    "@metadata": {
        "authors": [
            "Jopparn",
            "WikiPhoenix"
        ]
    },
    "label.product.title": "Mifos-X-klient",
    "label.change.language": "\u00c4ndra spr\u00e5k:",
    "label.username": "Anv\u00e4ndarnamn",
    "label.password": "L\u00f6senord",
    "label.signin": "Logga in",
    "label.systemid": "System-ID:",
    "label.product.name": "Mifos X",
    "label.product.version": "version 1.6.3",
    "label.product.status": "MifosX \u00e4r uppdaterad",
    "label.product.aboutus1": "MifosX \u00e4r designad av",
    "label.product.aboutus2": "En global gemenskap",
    "label.product.aboutus3": "som arbetar tillsammans f\u00f6r att de fattigaste, s\u00e4rskilt kvinnor, ska f\u00e5 tillg\u00e5ng till finansiella tj\u00e4nster.",
    "label.get.involved1": "L\u00e5ter det intressant?",
    "label.get.involved2": "Engagera dig!",
    "label.community.name": "COSM",
    "label.resources": "Resurser",
    "label.usermanual": "Anv\u00e4ndarmanual",
    "label.faq": "Vanliga fr\u00e5gor",
    "label.community": "Gemenskap",
    "label.users.group": "Anv\u00e4ndargrupp",
    "label.developer.group": "Utvecklargrupp",
    "label.product.irc": "IRC",
    "label.product.news": "Nyheter och kommande h\u00e4ndelser",
    "label.incomefromfee": "Int\u00e4kter fr\u00e5n avgift",
    "label.income": "Inkomst",
    "label.heading.paymenttype": "Betalningstyp",
    "label.heading.fundsource": "Fondk\u00e4lla",
    "label.annualfeeon": "\u00c5rliga avgifter den:",
    "label.startpage": "Startsida",
    "label.homepage": "Hemsida",
    "label.loginpage": "Inloggningssida",
    "label.manageusers": "Hantera anv\u00e4ndare",
    "label.manageroles": "Hantera roller",
    "button.login": "Logga in",
    "table.heading.officename": "Kontorsnamn",
    "table.heading.name": "Namn",
    "table.heading.description": "Beskrivning",
    "table.heading.filename": "Filnamn",
    "table.heading.actions": "Handlingar",
    "table.heading.value": "V\u00e4rde",
    "table.heading.entity": "Enhet",
    "label.changepassword": "\u00c4ndra l\u00f6senord",
    "label.repeatpassword": "Upprepa l\u00f6senord",
    "label.loginname": "Inloggningsnamn",
    "label.email": "E-post",
    "label.enable": "Aktivera",
    "label.disable": "Inaktivera",
    "label.firstname": "F\u00f6rnamn:",
    "label.middlename": "Mellannamn:",
    "label.lastname": "Efternamn:",
    "label.office": "Kontor:",
    "label.currency": "Valuta:",
    "label.name": "Namn:",
    "label.filename": "Filnamn:",
    "label.manageoffices": "Hantera kontor",
    "label.manageholidays": "Hantera helgdagar",
    "label.manageemployees": "Hantera anst\u00e4llda",
    "label.managedatatables": "Hantera datatabell",
    "label.createoffice": "Skapa kontor",
    "label.editoffice": "Redigera kontor",
    "label.createemployee": "Skapa anst\u00e4lld",
    "label.managefunds": "Hantera fonder",
    "label.currencyconfig": "Valutakonfiguration",
    "label.editcurrencyconfig": "Redigera valutakonfiguration",
    "label.charges": "Kostnader",
    "label.transactionId": "Transaktions-ID",
    "label.value": "V\u00e4rde:",
    "label.minimum": "Minimum",
    "label.default": "Standard",
    "label.maximum": "Maximum",
    "label.loanofficer": "L\u00e5nkontor:",
    "label.fromdate": "Fr\u00e5n datum",
    "label.todate": "Till datum",
    "label.select.staff": "V\u00e4lj personal",
    "label.select.fund": "V\u00e4lj fond",
    "label.select.charge": "V\u00e4lj kostnad",
    "label.select.office": "V\u00e4lj kontor",
    "label.select.group": "V\u00e4lj grupp",
    "label.select.loanofficer": "V\u00e4lj l\u00e5nkontor",
    "label.select.currency": "V\u00e4lj valuta",
    "label.repeatsevery": "Upprepas varje",
    "label.editcharge": "Redigera kostnad",
    "label.createcharge": "Skapa avgift",
    "link.create.new.template": "Skapa mall",
    "label.advancedoptions": "Avancerade alternativ",
    "label.templatename": "Mallnamn:",
    "label.type": "Typ:",
    "label.text": "Text:",
    "label.templates": "Mallar",
    "label.createtemplate": "Skapa mall",
    "label.edittemplate": "Redigera mall",
    "button.print": "Skriv ut",
    "label.edituser": "Redigera anv\u00e4ndare",
    "label.createuser": "Skapade anv\u00e4ndare",
    "button.edit": "Redigera",
    "button.add": "L\u00e4gg till",
    "button.save": "Spara",
    "button.cancel": "Avbryt",
    "button.delete": "Radera",
    "button.undo": "\u00c5ngra",
    "button.view": "Visa",
    "button.newloan": "Nytt l\u00e5n",
    "button.activate": "Aktivera",
    "button.assignstaff": "Tilldela personal",
    "button.unassignstaff": "Ta bort tilldelning av personal",
    "button.assignloanofficer": "Tilldela l\u00e5nkontor",
    "button.unassignloanofficer": "Ta bort tilldelning av l\u00e5nkontor",
    "button.deleteall": "Radera alla",
    "button.upload": "Ladda upp",
    "button.addcharge": "L\u00e4gg till kostnad",
    "button.accept.transfer": "Acceptera \u00f6verf\u00f6ring",
    "button.reject.transfer": "Avvisa \u00f6verf\u00f6ring",
    "button.undo.transfer": "\u00c5ngra \u00f6verf\u00f6ring",
    "table.heading.datatablename": "Datatabellsnamn",
    "table.heading.new.name": "Nytt namn",
    "table.heading.new.code": "Ny kod",
    "table.heading.associatedwith": "Associerad med",
    "button.createdatatable": "Skapa datatabell",
    "label.edit.datatable": "Redigera datatabell",
    "table.heading.fieldname": "F\u00e4ltnamn",
    "table.heading.type": "Typ",
    "table.heading.length": "L\u00e4ngd",
    "table.heading.code": "Kod",
    "table.heading.mandatory": "Obligatorisk",
    "label.associatedwith": "Associerad med:",
    "table.heading.isLoanOfficer": "\u00c4r ett l\u00e5nkontor?",
    "link.create.new.employee": "Skapa anst\u00e4lld",
    "table.heading.active": "Aktiv",
    "table.heading.nextrun": "N\u00e4sta k\u00f6rning",
    "table.heading.previousrun": "F\u00f6reg\u00e5ende k\u00f6rning",
    "table.heading.previousrunstatus": "F\u00f6reg\u00e5ende k\u00f6rningsstatus",
    "table.heading.currentstatus": "Aktuell status",
    "label.schedulerstatus": "Schemal\u00e4ggningsstatus",
    "label.jobname": "Jobbnamn:",
    "label.selectall": "Markera alla",
    "label.follow": "F\u00f6lj:",
    "label.isactivejob": "\u00c4r ett aktivt jobb:",
    "label.manageschedulerjobs": "Schemal\u00e4ggningsjobb",
    "label.editschedulerjob": "Redigera schemal\u00e4ggningsjobb",
    "table.heading.version": "Version",
    "table.heading.status": "Status",
    "label.employee.isLoanOfficer": "\u00e4r ett l\u00e5nkontor?:",
    "label.office.parentoffice": "\u00d6verordnat kontor:",
    "label.office.openedon": "\u00d6ppnades den:",
    "label.office.externalid": "Externt ID:",
    "label.officename": "Kontorsnamn:",
    "label.memberof": "Medlem i:",
    "label.loanaccounts": "L\u00e5nkonton",
    "label.loantype": "L\u00e5ntyp",
    "label.savingaccounts": "Sparkonton",
    "label.balance": "Balans",
    "button.transferclient": "\u00d6verf\u00f6r klient",
    "label.assignstaff": "Tilldela personal",
    "label.closurereason": "Anledning till st\u00e4ngning",
    "tab.heading.client.documents": "Dokument",
    "label.select.file": "V\u00e4lj fil",
    "link.view.client": "Visa klient",
    "tab.templates": "Mallar",
    "tab.identities": "Identiteter",
    "label.individual": "Individuell",
    "label.corporate": "Samarbetande",
    "label.externalid": "Externt ID",
    "label.active": "Aktiv",
    "label.fullname": "Fullst\u00e4ndigt namn eller f\u00f6retagsnamn:",
    "label.editclient": "Redigera klient",
    "label.createclient": "Skapa klient",
    "title.client.activate": "Klientaktivering",
    "title.client.assignloanofficer": "Tilldela l\u00e5nkontor",
    "label.client.select.image": "Klientfoto",
    "label.applicant": "Klientnamn:",
    "label.product": "Produkt:",
    "label.fund": "Fond:",
    "label.loanterm": "L\u00e5navtal:",
    "label.submittedon": "Inskickad den:",
    "label.select.loan.product": "V\u00e4lj l\u00e5nprodukt",
    "label.select.purpose": "V\u00e4lj l\u00e5nsyfte",
    "label.unassignloanofficer": "Ta bort tilldelning av l\u00e5nkontor",
    "label.loanpurpose": "L\u00e5nsyfte:",
    "button.approve": "Godk\u00e4nn",
    "button.reject": "Avvisa",
    "button.undoapproval": "\u00c5ngra godk\u00e4nnande",
    "button.close": "St\u00e4ng",
    "button.more": "Mer",
    "label.charge": "Kostnad:",
    "label.view.loan.account": "Visa l\u00e5n",
    "label.collateral.type": "Typ",
    "label.toloanofficer": "Till l\u00e5nkontor",
    "label.approve.loan.account": "Godk\u00e4nn l\u00e5n",
    "label.loan.account.approvedOnDate": "Godk\u00e4nd den:",
    "label.reject.loan.account": "Avvisa l\u00e5n",
    "label.loan.account.rejectedOnDate": "Avvisad den:",
    "label.loan.account.withdrawnOnDate": "Togs ut den:",
    "label.loan.account.paymentTypeId": "Betalningstyp",
    "label.loan.account.show.payment.details": "Visa betalningsdetaljer",
    "label.loan.account.accountNumber": "Kontonummer:",
    "label.loan.account.bankNumber": "Banknummer",
    "label.loan.account.transactionDate": "Transaktionsdatum",
    "label.loan.account.transactionAmount": "Belopp",
    "label.undoapprove.loan.account": "\u00c5ngra l\u00e5ngodk\u00e4nnande",
    "table.heading.fees.or.penalties": "Avgift/straff",
    "label.loan.account.backto.loan.info": "Tillbaka till l\u00e5ninformation",
    "label.status": "Status",
    "tab.summary": "Sammanfattning",
    "tab.accountdetail": "Detaljer",
    "tab.repaymentschedule": "Schema",
    "tab.transaction": "Transaktion",
    "tab.charges": "Kostnader",
    "tab.loandocuments": "Dokument",
    "label.repayments": "\u00c5terbetalningar:",
    "label.repaymentstrategy": "\u00c5terbetalningsstrategi:",
    "label.approvedondate": "Godk\u00e4nd den:",
    "label.heading.details": "Detaljer",
    "label.description": "Beskrivning",
    "label.heading.settings": "Inst\u00e4llningar",
    "label.withdrawfee": "Uttagsavgift:",
    "label.applywithdrawalfeefortransfers": "Till\u00e4mpa uttagsavgift f\u00f6r \u00f6verf\u00f6ringar",
    "label.heading.income": "Inkomst",
    "label.createsavingproduct": "Skapa sparprodukt",
    "label.editsavingproduct": "Redigera sparprodukt",
    "label.group": "Grupp:",
    "label.meetingcalendar": "Transaktionsdatum:",
    "table.heading.original": "Ursprungligt l\u00e5n",
    "table.heading.paid": "Betald",
    "table.heading.penalties": "Straff",
    "table.heading.total": "Totalt",
    "table.heading.date": "Datum",
    "table.heading.fees": "Avgifter",
    "table.heading.totalpaid": "Betald",
    "table.heading.totalpaidinadvance": "I f\u00f6rv\u00e4g",
    "table.heading.totalpaidlate": "Sent",
    "table.heading.transactionId": "Transaktions-ID",
    "table.heading.transactiondate": "Transaktionsdatum",
    "table.heading.transactiontype": "Typ",
    "table.heading.amount": "Belopp",
    "table.heading.penalities": "straff",
    "table.heading.debit": "Betalkort",
    "table.heading.credit": "Kredit",
    "table.heading.balance": "Balans",
    "link.home": "Hem",
    "link.tasks": "Uppgifter",
    "link.clients": "Klienter",
    "link.reports": "Rapporter",
    "link.products": "Produkter",
    "link.admin": "Administrat\u00f6r",
    "link.clients.clients": "Klienter",
    "link.clients.groups": "Grupper",
    "link.reports.all": "Alla",
    "link.reports.clients": "Klienter",
    "link.reports.loans": "L\u00e5n",
    "link.reports.funds": "Fonder",
    "link.products.loanproducts": "L\u00e5nprodukter",
    "link.products.savingproducts": "Sparprodukter",
    "link.products.charges": "Kostnader/straff",
    "link.admin.users": "Anv\u00e4ndare",
    "link.admin.organisation": "Organisation",
    "link.admin.products": "Produkter",
    "link.admin.templates": "Mallar",
    "link.admin.system": "System",
    "link.admin.configuration": "Konfigurationer",
    "link.profile": "Profil",
    "link.settings": "Inst\u00e4llningar",
    "link.logout": "Logga ut",
    "label.meetingdate.start": "M\u00f6tesdatum b\u00f6rjar eller efter",
    "label.repeat": "Upprepa",
    "label.repeatdetails": "Upprepningsdetaljer",
    "label.repeats": "Upprepas",
    "label.attachmeeting": "Bifoga ett m\u00f6te",
    "table.heading.paymenttype": "Betalningstyp",
    "table.heading.fundsource": "Fondk\u00e4lla",
    "table.heading.fee": "Avgift",
    "table.heading.incomeaccount": "Inkomstkonto",
    "table.heading.penalty": "Straff",
    "label.productname": "Namn",
    "label.createloanproduct": "Skapa l\u00e5nprodukt",
    "label.editloanproduct": "Redigera l\u00e5nprodukt",
    "label.mapfeestoincomeaccounts": "Kartl\u00e4gg avgifter till s\u00e4rskilda inkomstkonton",
    "label.startdate": "Startdatum",
    "label.closedate": "St\u00e4ngningsdatum",
    "label.fundsource": "Fondk\u00e4lla",
    "label.incomefromfees": "Inkomst fr\u00e5n avgifter",
    "button.addaccount": "L\u00e4gg till konto",
    "table.heading.accname": "Kontonamn",
    "table.heading.glcode": "GL-kod",
    "table.heading.acctype": "Kontotyp",
    "table.heading.disabled": "Inaktiverad",
    "table.heading.usedas": "Anv\u00e4nds som",
    "label.accountname": "Kontonamn",
    "label.glcode": "GL-kod",
    "label.accounttype": "Kontotyp",
    "label.accountusage": "Kontoanv\u00e4ndning",
    "label.parent": "V\u00e4lj \u00f6verordnad",
    "label.tag": "Tagg",
    "label.editglaccount": "Redigera GL-konto",
    "label.createglaccount": "Skapa GL-konto",
    "label.parentaccountname": "\u00d6verordnat konto",
    "label.position": "Position",
    "label.select.tag": "V\u00e4lj tagg",
    "label.select.parent": "V\u00e4lj \u00f6verordnad",
    "label.managecodes": "Hantera koder",
    "label.managereports": "Hantera rapporter",
    "label.addcode": "L\u00e4gg till kod",
    "label.editcode": "Redigera nod",
    "label.code.name": "Namn",
    "table.heading.reportname": "Rapportnamn",
    "table.heading.reporttype": "Rapporttyp",
    "table.heading.reportcategory": "Rapportkategori",
    "table.heading.parameter": "Parameter",
    "table.heading.corereport": "K\u00e4rnrapport",
    "table.heading.usereport": "Anv\u00e4nd rapport",
    "label.createreport": "Skapa rapport",
    "label.editreport": "Redigera rapport",
    "label.reportname": "Rapportnamn",
    "label.reporttype": "Rapporttyp:",
    "label.reportcategory": "Rapportkategori:",
    "label.corereport": "K\u00e4rnrapport:",
    "label.usereport": "Anv\u00e4nd rapport:",
    "label.select.allowedParameter": "V\u00e4lj parameter",
    "label.heading.reportparameters": "Rapportparametrar",
    "startDateSelect": "Startdatum",
    "endDateSelect": "Slutdatum",
    "obligDateTypeSelect": "V\u00e4lj st\u00e4ngt eller utbetalt datum",
    "OfficeIdSelectOne": "V\u00e4lj kontor",
    "loanOfficerIdSelectAll": "V\u00e4lj l\u00e5nkontor",
    "currencyIdSelectAll": "V\u00e4lj valuta",
    "fundIdSelectAll": "V\u00e4lj fond",
    "loanProductIdSelectAll": "V\u00e4lj l\u00e5nprodukt",
    "loanPurposeIdSelectAll": "V\u00e4lj l\u00e5nsyfte",
    "parTypeSelect": "V\u00e4lj PAR-typ",
    "apptable.m.loan": "L\u00e5n",
    "apptable.m.savings.account": "Sparkonto",
    "apptable.m.client": "Klient",
    "apptable.m.group": "Grupp",
    "apptable.m.office": "Kontor",
    "label.create.datatable": "Skapa datatabell",
    "label.datatable.name": "Datatabellsnamn",
    "label.select.apptableName": "V\u00e4lj",
    "label.datatable.multiRow": "Flera rader",
    "label.column.name": "Kolumnnamn",
    "label.select.columnType": "V\u00e4lj typ",
    "datatable.column.type.string": "Str\u00e4ng",
    "datatable.column.type.number": "Nummer",
    "datatable.column.type.decimal": "Decimal",
    "datatable.column.type.date": "Datum",
    "datatable.column.type.text": "Text",
    "label.add.columns": "L\u00e4gg till kolumner",
    "label.heading.columns": "Kolumner",
    "label.openedon": "\u00d6ppnades den:",
    "label.externalId": "Externt ID:",
    "label.parentoffice": "\u00d6verordnat kontor:",
    "label.journalentry.credit": "Kredit",
    "label.journalentry.debit": "Betalkort",
    "label.journalentry.reference.number": "Referensnummer",
    "label.journalentry.transaction.date": "Transaktionsdatum",
    "label.journalentry.comments": "Kommentarer",
    "label.save": "Spara",
    "label.cancel": "Avbryt",
    "label.journalentry.transaction.number": "Transaktionsnummer #",
    "label.searchjournalentries": "S\u00f6k journalinl\u00e4gg",
    "label.additional.filter": "Ytterligare filter",
    "label.select.debit": "V\u00e4lj betalkort",
    "label.select.credit": "V\u00e4lj kredit",
    "label.select.filter": "V\u00e4lj filter",
    "button.addrule": "L\u00e4gg till regel",
    "label.accounting.closure.comments": "Kommentarer",
    "label.accounting.rule.name": "Regelnamn",
    "label.credit.rule.type": "Typ:",
    "label.debit.rule.type": "Typ:",
    "label.report.output.type": "Utmatningstyp:",
    "label.holiday.name": "Helgdagsnamn",
    "label.createholiday": "Skapa helgdag",
    "label.holiday.fromdate": "Fr\u00e5n datum:",
    "label.holiday.todate": "Till datum:",
    "label.holiday.desc": "Beskrivning:",
    "label.selectoffice": "V\u00e4lj kontor",
    "label.select.saving.product": "V\u00e4lj sparprodukt",
    "label.select.one": "V\u00e4lj en",
    "label.accountBalance": "Kontobalans",
    "button.deposit": "S\u00e4tt in",
    "button.withdraw": "Ta ut",
    "label.total.withdrawals.fees": "Totala uttagsavgifter:",
    "label.withdrawal.fee": "Uttagsavgift:",
    "label.annaul.fee.due.on": "\u00c5rlig avgift (f\u00f6rfaller den):",
    "label.withdrawal.fee.for.transfers": "Till\u00e4mpa uttagsavgift f\u00f6r \u00f6verf\u00f6ringar",
    "label.saving.account.activatedOnDate": "Aktiverad den:",
    "label.saving.account.apply.annualFee": "Till\u00e4mpa \u00e5rliga avgifter",
    "label.saving.account.annualFeeTransactionDate": "Transaktionsdatum:",
    "label.saving.account.transactionDate": "Transaktionsdatum:",
    "label.saving.account.transactionAmount": "Belopp:",
    "label.saving.account.paymentTypeId": "Betalningstyp:",
    "label.saving.account.show.payment.details": "Betalningsdetaljer",
    "label.saving.account.accountNumber": "Kontonummer:",
    "label.saving.account.receiptNumber": "Kvittonummer:",
    "label.saving.account.bankNumber": "Banknummer:",
    "label.edit.saving.account.transaction": "Redigera transaktion",
    "table.heading.feeorpenalty": "Avgift/straff",
    "label.heading.transaction.details": "Transaktionsdetaljer",
    "label.transaction.amount": "Belopp:",
    "label.transaction.date": "Transaktionsdatum:",
    "label.transaction.description": "Beskrivning:",
    "label.heading.transferred.from": "\u00d6verf\u00f6rd fr\u00e5n:",
    "label.transferred.office": "Kontor:",
    "label.transferred.client": "Klient",
    "label.transferred.account": "Kontotyp:",
    "label.transferred.accountnumber": "Konto",
    "label.heading.transferred.to": "\u00d6verf\u00f6rd till:",
    "legend.heading.account.transfers": "Konto\u00f6verf\u00f6ringar",
    "label.fromaccount": "Fr\u00e5n konto:",
    "label.fromaccount.type": "Fr\u00e5n kontotyp:",
    "label.transaction.type": "Transaktionstyp:",
    "label.transaction.paymentdetail.data": "Betalningsdetaljer",
    "label.transaction.payment.type": "Betalningstyp:",
    "label.transaction.accountNumber": "Kontonummer:",
    "label.transaction.receiptNumber": "Kvittonummer:",
    "label.transaction.bankNumber": "Banknummer:",
    "label.view.saving.account": "Visa sparkonto",
    "label.view.transaction": "Visa transaktion",
    "label.members": "Medlemmar",
    "label.heading.items": "F\u00f6rem\u00e5l",
    "label.committee": "Kommitt\u00e9",
    "label.staff": "Personal:",
    "label.nextmeetingon": "N\u00e4sta m\u00f6te:",
    "label.summary": "Sammanfattning",
    "label.edit": "Redigera",
    "label.close": "St\u00e4ng",
    "label.products": "Produkter",
    "label.group.accounts": "Kontonummer",
    "label.add": "L\u00e4gg till",
    "label.form.name": "Namn",
    "label.reset": "\u00c5terst\u00e4ll",
    "label.addrole": "L\u00e4gg till roll",
    "table.heading.userreport": "Anv\u00e4ndarrapport",
    "label.client": "Klient",
    "label.clients": "Klienter",
    "label.anchor.uploaddocument": "Ladda upp dokument",
    "label.role": "Roll",
    "label.group.members": "Medlemmar",
    "label.form.staff": "Personal",
    "label.form.activationdate": "Aktiveringsdatum",
    "label.confirm": "Bekr\u00e4fta",
    "label.activate": "Aktivera",
    "label.enteractivationdate": "Ange aktiveringsdatum",
    "label.addmember": "L\u00e4gg till medlem",
    "label.clientid": "Klient-ID",
    "label.form.firstname": "F\u00f6rnamn",
    "label.form.lastname": "Efternamn",
    "label.form.office": "Kontor",
    "label.prev": "F\u00f6reg.",
    "label.next": "N\u00e4sta",
    "label.creategroup": "Skapa grupp",
    "label.delete": "Radera",
    "label.confirmdelete": "Bekr\u00e4fta radering",
    "label.meetingdate": "M\u00f6tesdatum",
    "label.editgroup": "Redigera grupp",
    "label.destinationgroup": "Destinationsgrupp",
    "label.transferclientsbetweengroups": "\u00d6verf\u00f6r klienter mellan grupper",
    "label.groupidentification": "Gruppidentifiering:",
    "label.list.externalid": "Externt ID:",
    "label.groups": "Grupper",
    "label.form.accountno": "Kontonr.",
    "label.addgroup": "L\u00e4gg till grupp",
    "label.applicant.group": "Gruppnamn:",
    "label.meeting.details": "M\u00f6tesdetaljer:",
    "label.meeting.start.date": "M\u00f6tesdatum b\u00f6rjar eller efter:",
    "label.meeting.repeats.on": "Upprepas den:",
    "label.placeholder.amount": "Belopp",
    "label.placeholder.duedate": "F\u00f6rfallodatum",
    "label.view.schedule": "Schema",
    "label.form.currency": "Valuta",
    "label.list.amount": "Belopp:",
    "label.list.active": "Aktiv:",
    "label.amount": "Belopp",
    "label.list.chargetype": "Kostnadstyp:",
    "label.globalconfigurations": "Global konfiguration",
    "label.cachesettings": "Cache-inst\u00e4llningar",
    "label.enabled": "Aktiverad",
    "label.filterbyname": "Filtrera efter namn",
    "label.view.roles": "Visa roller",
    "label.view.role": "Visa roll",
    "label.roles": "Roller",
    "label.list.productname": "Projektnamn",
    "label.allow": "Till\u00e5t",
    "label.selectproduct": "V\u00e4lj produkt",
    "label.id": "ID",
    "label.user": "Anv\u00e4ndare",
    "label.action": "Handling",
    "label.entity": "Entitet:",
    "label.resourceid": "Resurs-ID",
    "label.date": "Datum",
    "label.command": "Kommando",
    "label.searchoptions": "S\u00f6kalternativ",
    "label.updatedby": "Uppdaterad av",
    "label.updatedon": "Uppdaterat den",
    "label.filterbyoffice": "Filtrera efter kontor",
    "label.existingclient": "Befintlig klient",
    "label.clientname": "Klientnamn",
    "label.relationship": "F\u00f6rh\u00e5llande",
    "label.dob": "F\u00f6delsedatum",
    "label.address": "Adress",
    "label.city": "Stad",
    "label.zip": "Postnummer",
    "label.mobile": "Mobil",
    "label.residence": "Bostad",
    "label.clientdetails": "Klientdetaljer",
    "label.identifier": "Identifierare",
    "label.activationDate": "Aktiveringsdatum:",
    "table.firstname": "F\u00f6rnamn",
    "table.lastname": "Efternamn",
    "label.details": "Detaljer",
    "label.joindate": "Registreringsdatum",
    "label.belongsto": "Tillh\u00f6r",
    "label.additionalinformation": "Ytterligare information"
}