{
    "@metadata": {
        "authors": [
            "Amire80",
            "Shirayuki",
            "Siebrand"
        ]
    },
    "label.heading.name": "{{Identical|Name}}",
    "label.heading.staff": "{{Identical|Staff}}",
    "label.heading.disabled": "{{Identical|Disabled}}",
    "label.heading.general": "{{Identical|General}}",
    "label.heading.settings": "{{Identical|Settings}}",
    "label.heading.description": "{{Identical|Description}}",
    "label.heading.products": "{{Identical|Product}}",
    "label.heading.error": "{{Identical|Error}}",
    "label.heading.client": "{{Identical|Client}}",
    "label.heading.loan": "{{Identical|Loan}}",
    "label.heading.principal": "{{Identical|Principal}}",
    "label.heading.details": "{{Identical|Detail}}",
    "label.achor.activate": "{{Identical|Activate}}",
    "label.anchor.close": "{{Identical|Close}}",
    "label.input.externalid": "{{Identical|External ID}}",
    "label.input.description": "{{Identical|Description}}",
    "label.input.repeat": "{{Identical|Repeat}}",
    "label.input.center": "{{Identical|Center}}",
    "label.input.note": "{{Identical|Note}}",
    "label.button.edit": "{{Identical|Edit}}",
    "label.button.confirm": "{{Identical|Confirm}}",
    "label.button.add": "{{Identical|Add}}",
    "label.anchor.loans": "{{Identical|Loan}}",
    "label.anchor.funds": "{{Identical|Fund}}",
    "label.anchor.profile": "{{Identical|Profile}}",
    "label.anchor.client": "{{Identical|Client}}",
    "label.anchor.center": "{{Identical|Center}}",
    "label.button.centers": "{{Identical|Center}}",
    "label.button.day": "{{Identical|Day}}",
    "clientStatusType.closed": "{{Identical|Closed}}",
    "groupingStatusType.closed": "{{Identical|Closed}}",
    "label.heading.createcenter": "{{Identical|Create center}}",
    "label.anchor.centers": "{{Identical|Center}}",
    "label.anchor.viewcenter": "{{Identical|View center}}",
    "label.anchor.createcenter": "{{Identical|Create center}}",
    "label.anchor.editcenter": "{{Identical|Edit center}}",
    "label.button.createcenter": "{{Identical|Create center}}",
    "label.anchor.accounting": "{{Identical|Accounting}}",
    "label.input.debit": "{{Identical|Debit}}",
    "label.selectoffice": "{{Identical|Select office}}",
    "label.heading.sql": "{{Identical|Sql}}",
    "startDateSelect": "{{Identical|Start date}}",
    "endDateSelect": "{{Identical|End date}}",
    "OfficeIdSelectOne": "{{Identical|Select office}}",
    "currencyIdSelectAll": "{{Identical|Select currency}}",
    "loanProductIdSelectAll": "{{Identical|Select loan product}}",
    "loanPurposeIdSelectAll": "{{Identical|Select loan purpose}}",
    "label.anchor.approve": "{{Identical|Approve}}",
    "label.anchor.reject": "{{Identical|Reject}}",
    "label.input.charge": "{{Identical|Charge}}",
    "label.selectloanproduct": "{{Identical|Select loan product}}",
    "loanStatusType.closed.reschedule.outstanding.amount": "{{Identical|Closed}}",
    "label.heading.terms": "{{Identical|Term}}",
    "label.heading.decimalplaces": "{{Identical|Decimal place}}",
    "label.heading.assets": "{{Identical|Asset}}",
    "label.on": "{{Identical|On}}",
    "savings.lockin.savingsPeriodFrequencyType.months": "{{Identical|Month}}",
    "savings.interest.period.savingsCompoundingInterestPeriodType.invalid": "{{Identical|Invalid}}",
    "savings.interest.period.savingsCompoundingInterestPeriodType.daily": "{{Identical|Daily}}",
    "savings.interest.period.savingsCompoundingInterestPeriodType.weekly": "{{Identical|Weekly}}",
    "savings.interest.period.savingsCompoundingInterestPeriodType.annual": "{{Identical|Annually}}",
    "savings.interest.posting.period.savingsPostingInterestPeriodType.invalid": "{{Identical|Invalid}}",
    "savings.interest.posting.period.savingsPostingInterestPeriodType.annual": "{{Identical|Annually}}",
    "savingsAccountStatusType.closed": "{{Identical|Closed}}",
    "label.anchor.users": "{{Identical|User}}",
    "label.input.roles": "{{Identical|Role}}",
    "label.anchor.organization": "{{Identical|Organization}}",
    "label.heading.columns": "{{Identical|Column}}",
    "label.heading.datatablename": "{{Identical|Data table name}}",
    "label.heading.editcode": "{{Identical|Edit code}}",
    "label.anchor.editcode": "{{Identical|Edit code}}",
    "label.anchor.viewroles": "{{Identical|View role}}",
    "label.anchor.viewrole": "{{Identical|View role}}",
    "label.input.datatablename": "{{Identical|Data table name}}",
    "label.button.editcode": "{{Identical|Edit code}}",
    "label.client": "{{Identical|Client}}",
    "label.group": "{{Identical|Group}}",
    "label.center": "{{Identical|Center}}",
    "label.office": "{{Identical|Office}}",
    "label.date": "{{Identical|Date}}",
    "label.text": "{{Identical|Text}}",
    "label.heading.accounting": "{{Identical|Accounting}}",
    "label.heading.liabilities": "{{Identical|Liability}}",
    "label.heading.expenses": "{{Identical|Expense}}",
    "label.heading.income": "{{Identical|Income}}",
    "label.heading.numofrepayments": "{{Identical|Number of repayments}}",
    "label.heading.amortization": "{{Identical|Amortization}}",
    "label.heading.paymenttype": "{{Identical|Payment type}}",
    "label.heading.fundsource": "{{Identical|Fund source}}",
    "label.heading.items": "{{Identical|Item}}",
    "label.anchor.products": "{{Identical|Product}}",
    "label.input.decimalplace": "{{Identical|Decimal place}}",
    "label.input.numofrepayments": "{{Identical|Number of repayments}}",
    "label.input.amortization": "{{Identical|Amortization}}",
    "label.input.decimalplaces": "{{Identical|Decimal place}}",
    "chargeAppliesTo.savings": "{{Identical|Saving}}",
    "0": "{{Identical|Index}}",
    "viewcenter": "{{Identical|View center}}",
    "products": "{{Identical|Product}}",
    "createcenter": "{{Identical|Create center}}",
    "centers": "{{Identical|Center}}",
    "global": "{{Identical|Configuration}}",
    "audit": "{{Identical|Audit}}",
    "templates": "{{Identical|Template}}",
    "system": "{{Identical|System}}",
    "adminroles": "{{Identical|Role}}",
    "adminaddrole": "{{Identical|Add role}}",
    "clients": "{{Identical|Client}}",
    "charges": "{{Identical|Charge}}",
    "offices": "{{Identical|Office}}",
    "tasks": "{{Identical|Task}}",
    "users": "{{Identical|User}}",
    "addcode": "{{Identical|Add code}}",
    "jobs": "{{Identical|Job}}",
    "codes": "{{Identical|Code}}",
    "reports": "{{Identical|Report}}",
    "groups": "{{Identical|Group}}",
    "login": "{{Identical|Log in}}",
    "editcode": "{{Identical|Edit code}}",
    "viewgroup": "{{Identical|View group}}",
    "addrole": "{{Identical|Add role}}",
    "editcenter": "{{Identical|Edit center}}",
    "guarantor": "{{Identical|Guarantor}}",
    "adminviewrole": "{{Identical|View role}}",
    "organization": "{{Identical|Organization}}",
    "navoffices": "{{Identical|Navigation}}"
}