{
    "@metadata": {
        "authors": [
            "Chmee2",
            "Rosnicka.kacka"
        ]
    },
    "label.product.title": "Klient Mifos X",
    "label.change.language": "Zm\u011bnit jazyk:",
    "label.username": "U\u017eivatelsk\u00e9 jm\u00e9no",
    "label.password": "Heslo",
    "label.signin": "P\u0159ihl\u00e1sit se",
    "label.systemid": "Id syst\u00e9mu:",
    "label.product.name": "Mifos X",
    "label.product.version": "verze",
    "label.product.status": "Mifox X je aktu\u00e1ln\u00ed",
    "label.product.aboutus1": "Mifox X navrhl",
    "label.product.aboutus2": "Glob\u00e1ln\u00ed komunita",
    "label.get.involved1": "Zn\u00ed to zaj\u00edmav\u011b?",
    "label.get.involved2": "Jdi do toho!",
    "label.community.name": "Mifos iniciativa",
    "label.resources": "Zdroje",
    "label.usermanual": "U\u017eivatelsk\u00e1 p\u0159\u00edru\u010dka",
    "label.functional.spec": "Funk\u010dn\u00ed specifikace",
    "label.faq": "\u010casto kladen\u00e9 ot\u00e1zky",
    "label.community": "Komunita",
    "label.users.group": "Skupina u\u017eivatel\u016f",
    "label.developer.group": "Skupina v\u00fdvoj\u00e1\u0159\u016f",
    "label.product.irc": "IRC",
    "label.product.news": "Novinky a p\u0159ipravovan\u00e9 ud\u00e1losti",
    "label.savingscontrol": "Ovl\u00e1d\u00e1n\u00ed \u00faspor",
    "label.expenses": "V\u00fddaje",
    "label.income": "P\u0159\u00edjem",
    "label.heading.paymenttype": "Zp\u016fsob platby",
    "label.heading.fundsource": "Zdroj fondu",
    "label.accountingrules": "\u00da\u010detn\u00ed pravidla",
    "label.annualfeeon": "Ro\u010dn\u00ed poplatky na:",
    "label.homepage": "Domovsk\u00e1 str\u00e1nka",
    "label.loginpage": "P\u0159ihla\u0161ovac\u00ed str\u00e1nka",
    "label.manageusers": "Spr\u00e1va u\u017eivatel\u016f",
    "label.manageroles": "Spravovat role",
    "button.login": "P\u0159ihl\u00e1\u0161en\u00ed",
    "label.pendingtasks": "\u010cekaj\u00edc\u00ed \u00falohy",
    "label.clientapproval": "Schv\u00e1len\u00ed klienta",
    "label.loanapproval": "Schv\u00e1len\u00ed p\u016fj\u010dky",
    "label.navigation": "Navigace",
    "table.heading.officename": "N\u00e1zev pobo\u010dky",
    "table.heading.name": "Jm\u00e9no",
    "table.heading.description": "Popis",
    "table.heading.filename": "Jm\u00e9no souboru",
    "table.heading.actions": "Akce",
    "table.heading.value": "Hodnota",
    "table.heading.entity": "Entita",
    "label.changepassword": "Zm\u011bnit heslo",
    "label.repeatpassword": "Opakovat heslo",
    "label.loginname": "P\u0159ihla\u0161ovac\u00ed jm\u00e9no",
    "label.email": "E-mail",
    "label.enable": "Povolit",
    "label.disable": "Zak\u00e1zat",
    "label.approve": "Schv\u00e1lit",
    "label.firstname": "K\u0159estn\u00ed jm\u00e9no:",
    "label.middlename": "Prost\u0159edn\u00ed jm\u00e9no:",
    "label.lastname": "P\u0159\u00edjmen\u00ed:",
    "label.currency": "M\u011bna:",
    "label.filename": "Jm\u00e9no souboru:",
    "label.manageholidays": "Spr\u00e1va sv\u00e1tk\u016f",
    "label.manageemployees": "Spr\u00e1va zam\u011bstnanc\u016f",
    "label.createoffice": "Vytvo\u0159it kancel\u00e1\u0159",
    "label.createemployee": "Vytvo\u0159it zam\u011bstnance",
    "label.currencyconfig": "Konfigurace m\u011bny",
    "label.editcurrencyconfig": "\u00daprava konfigurace m\u011bny",
    "label.charges": "Poplatky",
    "label.transactionId": "Id transakce",
    "label.value": "Hodnota:",
    "label.collaterals": "p\u0159\u00edbuzn\u00fd",
    "label.suspend": "Pozastavit",
    "label.minimum": "Minimum",
    "label.default": "V\u00fdchoz\u00ed",
    "label.maximum": "Maximum",
    "label.multiplesof": "M\u011bna v n\u00e1sobc\u00edch:",
    "label.codename": "K\u00f3dov\u00e9 jm\u00e9no",
    "label.requirefield": "Po\u017eadovan\u00e9 pole",
    "label.fromdate": "Od data",
    "label.todate": "K datu",
    "label.select.staff": "Vybrat zam\u011bstnance",
    "label.select.fund": "Vybrat fond",
    "label.select.charge": "Vybrat poplatek",
    "label.select.office": "Vybrat kancel\u00e1\u0159",
    "label.select.center": "Vybrat st\u0159edisko",
    "label.select.group": "Vybrat skupinu",
    "label.select.currency": "Vybrat m\u011bnu",
    "label.select": "--vybrat--",
    "label.months": "m\u011bs\u00edc(\u016f)",
    "label.editcharge": "Upravit poplatek",
    "label.createcharge": "Vytvo\u0159it poplatek",
    "link.create.new.template": "Vytvo\u0159it \u0161ablonu",
    "label.advancedoptions": "Roz\u0161\u00ed\u0159en\u00e9 mo\u017enosti",
    "label.mapperkey": "Kl\u00ed\u010d mapov\u00e1n\u00ed:",
    "label.mappervalue": "Hodnota mapov\u00e1n\u00ed:",
    "label.templatename": "N\u00e1zev \u0161ablony:",
    "label.type": "Typ:",
    "label.form.type": "Typ",
    "label.text": "Text:",
    "label.templates": "\u0160ablony",
    "label.createtemplate": "Vytvo\u0159it \u0161ablonu",
    "label.edittemplate": "Upravit \u0161ablonu",
    "button.print": "Tisk",
    "label.edituser": "upravit u\u017eivatele",
    "label.createuser": "Vytvo\u0159it u\u017eivatele",
    "label.autogeneratepassword": "Automaticky generovat heslo:",
    "label.selectroles": "Vybrat role:",
    "button.edit": "upravit",
    "button.add": "P\u0159idat",
    "button.save": "Ulo\u017eit",
    "button.cancel": "Zru\u0161it",
    "button.delete": "Smazat",
    "button.undo": "Zp\u011bt",
    "button.view": "Zobrazit",
    "button.newloan": "Nov\u00e1 p\u016fj\u010dka",
    "button.activate": "Aktivovat",
    "button.assignstaff": "P\u0159i\u0159adit zam\u011bstnance",
    "button.unassignstaff": "Zru\u0161it p\u0159i\u0159azen\u00ed zam\u011bstnance",
    "button.deleteall": "Odstranit v\u0161e",
    "button.upload": "Nahr\u00e1t",
    "button.addcharge": "P\u0159idat poplatek",
    "button.accept.transfer": "P\u0159ijmout p\u0159evod",
    "button.reject.transfer": "Odm\u00edtnout p\u0159evod",
    "button.undo.transfer": "Vr\u00e1tit p\u0159enos",
    "table.heading.new.name": "Nov\u00fd n\u00e1zev",
    "table.heading.new.code": "Nov\u00fd k\u00f3d",
    "table.heading.associatedwith": "Spojen\u00e1 s",
    "button.createdatatable": "Vytvo\u0159it Datatable",
    "label.edit.datatable": "Upravit Datatable",
    "label.columntypeerr": "Vy\u017eadov\u00e1n typ",
    "label.columnnameerr": "Vy\u017eadov\u00e1n n\u00e1zev sloupce",
    "table.heading.fieldname": "N\u00e1zev pole",
    "table.heading.type": "Typ",
    "table.heading.length": "D\u00e9lka",
    "table.heading.code": "K\u00f3d",
    "table.heading.mandatory": "Povinn\u00e9",
    "label.associatedwith": "Spojen\u00e1 s:",
    "link.create.new.employee": "Vytvo\u0159it zam\u011bstnance",
    "table.heading.active": "Aktivn\u00ed",
    "table.heading.currentstatus": "Sou\u010dasn\u00fd stav",
    "label.selectall": "Vybrat v\u0161e",
    "label.follow": "Sledujte:",
    "table.heading.version": "Verze",
    "table.heading.status": "Stav",
    "label.office.externalid": "Extern\u00ed Id:",
    "tab.general": "Obecn\u00e9",
    "label.accountno": "\u010c\u00edslo \u00fa\u010dtu:",
    "label.numofloancycle": "Cyklus p\u016fj\u010dky #:",
    "label.lastloanamount": "Posledn\u00ed v\u00fd\u0161e \u00fav\u011bru:",
    "label.numofactiveloans": "# aktivn\u00edch \u00fav\u011br\u016f:",
    "label.totalsavings": "\u010c\u00e1stka celkov\u00e9 \u00faspory:",
    "label.activationdate": "Datum aktivace:",
    "label.officename": "N\u00e1zev \u00fa\u0159adu:",
    "label.memberof": "\u010clenstv\u00ed:",
    "table.heading.uniqueidentification": "Unik\u00e1tn\u00ed Identificatio#",
    "table.heading.identitydocuments": "Doklady toto\u017enosti",
    "label.loanaccounts": "\u00dav\u011brov\u00e9 \u00fa\u010dty",
    "label.loantype": "Typ \u00fav\u011bru",
    "label.savingaccounts": "Spo\u0159ic\u00ed \u00fa\u010dty",
    "label.balance": "Bilance",
    "button.transferclient": "P\u0159evod klienta",
    "label.assignstaff": "P\u0159i\u0159adit zam\u011bstnance",
    "label.closurereason": "D\u016fvod uzav\u0159en\u00ed",
    "tab.heading.client.documents": "Dokumenty",
    "label.select.file": "V\u00fdb\u011br souboru",
    "link.view.client": "Zobrazit klienta",
    "link.add.clientidentifier": "P\u0159idat identifik\u00e1tor klienta",
    "label.select.identitydocument.type": "Vyberte typ dokumentu toto\u017enosti",
    "label.unique.identification": "Jednozna\u010dn\u00e1 identifikace #",
    "label.document.type": "Typ dokladu toto\u017enosti:",
    "label.upload.client.document": "Odeslat dokument klienta",
    "label.add.client.identifier": "P\u0159idat identifik\u00e1tor klienta",
    "tab.templates": "\u0160ablony",
    "tab.identities": "Identity",
    "label.addclients": "P\u0159idat klienty",
    "label.individual": "Jednotlivec",
    "label.corporate": "Firemn\u00ed",
    "label.externalid": "Extern\u00ed Id",
    "label.active": "Aktivn\u00ed",
    "label.fullname": "Cel\u00e9 jm\u00e9no nebo obchodn\u00ed jm\u00e9no:",
    "label.editclient": "Upravit klienta",
    "label.createclient": "Vytvo\u0159it klienta",
    "title.client.activate": "Aktivovat klienta",
    "label.client.select.image": "Fotografie klienta",
    "label.loanaccount": "\u00dav\u011brov\u00fd \u00fa\u010det",
    "label.applicant": "Jm\u00e9no klienta:",
    "label.product": "Produkt:",
    "label.fund": "Fond:",
    "label.loanterm": "V\u00fdp\u016fj\u010dn\u00ed lh\u016fta:",
    "label.loanpurpose": "\u00da\u010del \u00fav\u011bru:",
    "label.select.product": "Vyberte produkt",
    "form.legend.new.loan.application": "Nov\u00e1 \u017e\u00e1dost o \u00fav\u011br",
    "button.addloancharge": "P\u0159idat poplatek za \u00fav\u011br",
    "button.addcollateral": "P\u0159idat zaji\u0161t\u011bn\u00ed",
    "button.modifyapplication": "\u00daprava aplikace",
    "button.approve": "Povolit",
    "button.reject": "Zam\u00edtnout",
    "button.withdrawnbyclient": "St\u00e1hnout \u017eadatelem",
    "button.guarantor": "Ru\u010ditel",
    "button.undoapproval": "Zp\u011bt schv\u00e1len\u00ed",
    "button.disburse": "Vypl\u00e1cet",
    "button.Guarantor": "Ru\u010ditel",
    "button.makerepayment": "Prov\u00e9st vr\u00e1cen\u00ed",
    "button.close": "Zav\u0159\u00edt",
    "button.more": "V\u00edce",
    "label.charge": "Poplatek:",
    "label.charge.calculation": "V\u00fdpo\u010det poplatku:",
    "label.add.loan.charge": "P\u0159idat poplatek za \u00fav\u011br",
    "label.view.loan.account": "Zobrazit \u00fav\u011br",
    "label.add.loan.collateral": "P\u0159idat zaji\u0161t\u011bn\u00ed",
    "label.collateral.type": "Typ",
    "label.loanofficer.assignmentDate": "Datum p\u0159i\u0159azen\u00ed:",
    "label.loan.account.paymentTypeId": "Zp\u016fsob platby",
    "label.loan.account.show.payment.details": "Zobrazit platebn\u00ed detaily",
    "label.loan.account.accountNumber": "\u010c\u00edslo \u00fa\u010dtu:",
    "label.loan.account.routingCode": "Sm\u011brovac\u00ed k\u00f3d",
    "label.loan.account.bankNumber": "\u010c\u00edslo banky",
    "label.loan.repayments": "Splacen\u00ed \u00fav\u011bru",
    "label.loan.account.transactionAmount": "\u010c\u00e1stka",
    "label.loan.view.charge": "Zobrazit podrobnosti poplatku",
    "label.status": "Stav",
    "label.disbursementdate": "Datum \u00fahrady:",
    "tab.summary": "Shrnut\u00ed",
    "tab.accountdetail": "Podrobnosti",
    "tab.repaymentschedule": "Rozvrh",
    "tab.transaction": "Transakce",
    "tab.charges": "Poplatky",
    "tab.loandocuments": "Dokumenty",
    "tab.notes": "Pozn\u00e1mky",
    "label.repayments": "Spl\u00e1tky:",
    "label.repaymentstrategy": "Strategie spl\u00e1tek:",
    "label.amortization": "Amortizace:",
    "label.heading.details": "Podrobnosti",
    "label.heading.terms": "Podm\u00ednky",
    "label.heading.settings": "Nastaven\u00ed",
    "label.minimumopeningbalance": "Minim\u00e1ln\u00ed po\u010d\u00e1te\u010dn\u00ed z\u016fstatek:",
    "label.annualfee": "Ro\u010dn\u00ed poplatek:",
    "label.savingcontrol": "Ovl\u00e1d\u00e1n\u00ed \u00faspor",
    "label.applywithdrawalfeefortransfers": "Plat\u00ed poplatek za p\u0159evody",
    "label.heading.assets": "Aktiva",
    "label.heading.liabilities": "Z\u00e1vazky",
    "label.heading.expenses": "V\u00fddaje",
    "label.heading.income": "P\u0159\u00edjem",
    "label.borrowername": "Jm\u00e9no dlu\u017en\u00edka",
    "label.branchoffice": "Pobo\u010dka:",
    "label.center": "Centrum:",
    "label.group": "Skupina:",
    "label.meetingcalendar": "Datum transakce:",
    "table.heading.paid": "Zaplaceno",
    "table.heading.total": "Celkem",
    "table.heading.principal": "hlavn\u00ed",
    "table.heading.paiddate": "Datum \u00fahrady",
    "table.heading.date": "Datum",
    "table.heading.days": "# dny",
    "table.heading.balanceofloan": "OLB",
    "table.heading.fees": "Poplatky",
    "table.heading.totalpaid": "Zaplaceno",
    "table.heading.totalpaidinadvance": "V p\u0159edstihu",
    "table.heading.totalpaidlate": "Pozd\u011b",
    "table.heading.transactiontype": "Typ",
    "table.heading.amount": "\u010c\u00e1stka",
    "table.heading.debit": "Debit",
    "table.heading.balance": "Bilance",
    "link.home": "Dom\u016f",
    "link.tasks": "\u00dakoly",
    "link.clients": "Klienti",
    "link.reports": "Z\u00e1znamy",
    "link.products": "Produkty",
    "link.admin": "Spr\u00e1vce",
    "link.clients.clients": "Klienti",
    "link.clients.groups": "Skupiny",
    "link.clients.centers": "Centra",
    "link.reports.all": "V\u0161e",
    "link.reports.clients": "Klienti",
    "link.reports.loans": "P\u016fj\u010dky",
    "link.reports.funds": "Fondy",
    "link.admin.users": "U\u017eivatel\u00e9",
    "link.admin.organisation": "Organizace",
    "link.admin.products": "Produkty",
    "link.admin.templates": "\u0160ablony",
    "link.admin.system": "Syst\u00e9m",
    "link.admin.configuration": "Nastaven\u00ed",
    "link.profile": "Profil",
    "link.settings": "Nastaven\u00ed",
    "link.logout": "Odhl\u00e1sit se",
    "label.repeat": "Opakovat",
    "label.attachmeeting": "P\u0159ipojit setk\u00e1n\u00ed",
    "link.view.center": "Zobrazit centrum",
    "label.createcenter": "Vytvo\u0159it centrum",
    "table.heading.paymenttype": "Zp\u016fsob platby",
    "table.heading.fundsource": "Zdroj fondu",
    "table.heading.fee": "Poplatek",
    "table.heading.incomeaccount": "P\u0159\u00edjmov\u00fd \u00fa\u010det",
    "table.heading.penalty": "Trest",
    "label.productname": "N\u00e1zev",
    "button.addaccount": "P\u0159idat \u00fa\u010det",
    "table.heading.accname": "N\u00e1zev \u00fa\u010dtu",
    "table.heading.glcode": "GL k\u00f3d",
    "table.heading.acctype": "Typ \u00fa\u010dtu",
    "table.heading.disabled": "Vypnuto",
    "label.glcode": "GL k\u00f3d",
    "label.accounttype": "Typ \u00fa\u010dtu",
    "label.accountusage": "Pou\u017eit\u00ed \u00fa\u010dtu",
    "label.tag": "Zna\u010dka",
    "label.editglaccount": "Upravit GL \u00fa\u010det",
    "label.createglaccount": "Vytvo\u0159it GL \u00fa\u010det",
    "label.position": "Pozice",
    "label.select.tag": "Vybrat zna\u010dku",
    "label.managereports": "Spravovat z\u00e1znamy",
    "label.addcode": "P\u0159idat k\u00f3d",
    "label.editcode": "Upravit k\u00f3d",
    "label.code.name": "N\u00e1zev",
    "label.codevalueerror": "Je vy\u017eadov\u00e1na hodnota k\u00f3du",
    "table.heading.parameter": "Parametr",
    "label.createreport": "Vytvo\u0159it zpr\u00e1vu",
    "label.editreport": "Upravit zpr\u00e1vu",
    "label.heading.sql": "Sql",
    "label.sql": "Sql:",
    "label.select.allowedParameter": "Vyberte parametr",
    "startDateSelect": "Datum zah\u00e1jen\u00ed",
    "endDateSelect": "Datum ukon\u010den\u00ed",
    "currencyIdSelectAll": "Vybrat m\u011bnu",
    "fundIdSelectAll": "Vybrat fond",
    "loanProductIdSelectAll": "Vybrat \u00fav\u011brov\u00fd produkt",
    "loanPurposeIdSelectAll": "Vybrat \u00fa\u010del p\u016fj\u010dky",
    "apptable.m.loan": "P\u016fj\u010dka",
    "apptable.m.savings.account": "Spo\u0159\u00edc\u00ed \u00fa\u010det",
    "apptable.m.client": "Klient",
    "apptable.m.group": "Skupina",
    "label.create.datatable": "Vytvo\u0159it DataTable",
    "label.select.apptableName": "Vybrat",
    "label.column.name": "N\u00e1zev sloupce",
    "label.select.columnType": "Vyberte typ",
    "datatable.column.type.number": "\u010c\u00edslo",
    "datatable.column.type.date": "Datum",
    "datatable.column.type.text": "Text",
    "label.add.columns": "P\u0159id\u00e1n\u00ed sloupc\u016f",
    "label.heading.columns": "Sloupce",
    "label.externalId": "Extern\u00ed Id:",
    "label.form.openedon": "Otev\u0159eno dne",
    "label.journalentry.transaction.date": "Datum transakce",
    "label.journalentry.comments": "Koment\u00e1\u0159e",
    "label.save": "Ulo\u017eit",
    "label.cancel": "Zru\u0161it",
    "label.journalentry.transaction.number": "\u010c\u00edslo transakce #",
    "label.additional.filter": "Dal\u0161\u00ed filtr",
    "label.select.filter": "Vybrat filtr",
    "button.addrule": "P\u0159idat pravidlo",
    "label.accounting.closure.comments": "Koment\u00e1\u0159e",
    "label.previous.closedOn": "P\u0159edchoz\u00ed datum uzav\u0159en\u00ed:",
    "label.close.accounting.created.by": "Zav\u0159el",
    "label.accounting.rule.name": "N\u00e1zev pravidla",
    "label.accounting.rule.title": "Vytvo\u0159it \u00fa\u010detn\u00ed pravidlo",
    "label.accounting.rule.edit.title": "Upravit \u00fa\u010detn\u00ed pravidlo",
    "label.credit.rule.type": "Typ:",
    "label.debit.rule.type": "Typ:",
    "label.allowMultipleCreditEntries": "Povolit v\u00edcen\u00e1sobn\u00e9",
    "label.allowMultipleDebitEntries": "Povolit v\u00edcen\u00e1sobn\u00e9",
    "label.requiredfield": "Po\u017eadovan\u00e9 pole",
    "label.tags": "Zna\u010dky",
    "label.account": "\u00da\u010det",
    "label.frequentpostings": "\u010cast\u00e9 koment\u00e1\u0159e",
    "label.thesearepredefinedpostings": "Toto jsou p\u0159eddefinovan\u00e9 koment\u00e1\u0159e",
    "label.addjournalentries": "P\u0159idat polo\u017eky den\u00edku",
    "label.form.transactiondate": "Datum transakce",
    "label.holiday.name": "N\u00e1zev sv\u00e1tku",
    "label.createholiday": "Vytvo\u0159it sv\u00e1tek",
    "label.holiday.fromdate": "Od data:",
    "label.holiday.todate": "K datu:",
    "label.holiday.repaymentsheduleto": "Alternativn\u00ed pracovn\u00ed datum:",
    "label.holiday.desc": "Popis:",
    "label.selectoffice": "Vybrat kancel\u00e1\u0159",
    "label.offices": "Kancel\u00e1\u0159e",
    "button.calculateInterest": "V\u00fdpo\u010det \u00faroku",
    "label.total.deposits": "Celkov\u00e9 vklady:",
    "label.annual.fee": "Ro\u010dn\u00ed poplatek:",
    "label.saving.account.annualFeeTransactionDate": "Datum transakce:",
    "label.note": "Pozn\u00e1mka:",
    "label.saving.account.transactionAmount": "\u010c\u00e1stka:",
    "label.saving.account.paymentTypeId": "Zp\u016fsob platby:",
    "label.saving.account.show.payment.details": "Detaily platby",
    "label.saving.account.accountNumber": "\u010c\u00edslo \u00fa\u010dtu:",
    "label.transferred.office": "Kancel\u00e1\u0159:",
    "label.transferred.client": "Klient",
    "label.transferred.account": "Typ \u00fa\u010dtu:",
    "label.transferred.accountnumber": "\u00da\u010det",
    "label.heading.transferred.to": "P\u0159evedeno na:",
    "label.fromaccount": "Z \u00fa\u010dtu:",
    "label.transaction.payment.type": "Zp\u016fsob platby:",
    "label.transaction.accountNumber": "\u010c\u00edslo \u00fa\u010dtu:",
    "label.transaction.bankNumber": "\u010c\u00edslo banky:",
    "label.members": "\u010clenov\u00e9",
    "label.notes": "Pozn\u00e1mky:",
    "label.heading.items": "Polo\u017eky",
    "label.summary": "Shrnut\u00ed",
    "label.edit": "Editovat",
    "label.close": "Zav\u0159\u00edt",
    "label.numofactiveclient": "Aktivn\u00ed klienti:",
    "label.numofactivegrouploans": "Aktivn\u00ed skupiny:",
    "label.products": "Produkty",
    "label.group.accounts": "\u010c\u00edslo \u00fa\u010dtu",
    "label.savingsaccountsoverview": "Spo\u0159\u00edc\u00ed \u00fa\u010det \u2013 p\u0159ehled",
    "label.add": "P\u0159idat",
    "label.form.name": "N\u00e1zev",
    "label.addnote": "P\u0159idat pozn\u00e1mku",
    "label.reset": "Vynulovat",
    "label.addrole": "P\u0159idat roli",
    "label.client": "Klient",
    "label.clients": "Klienti",
    "label.anchor.uploaddocument": "Ulo\u017eit dokument",
    "label.role": "Role",
    "label.group.members": "\u010clenov\u00e9",
    "label.form.activationdate": "Datum aktivace",
    "label.confirm": "Potvrdit",
    "label.closuredate": "Datum uzav\u0159en\u00ed",
    "label.closurereasons": "D\u016fvody uzav\u0159en\u00ed",
    "label.activate": "Aktivovat",
    "label.enteractivationdate": "Zadejte datum aktivace",
    "label.addmember": "P\u0159idat \u010dlena",
    "label.clientid": "Id klienta",
    "label.unassign": "Nep\u0159i\u0159azeno",
    "label.form.firstname": "K\u0159estn\u00ed jm\u00e9no",
    "label.form.lastname": "P\u0159\u00edjmen\u00ed",
    "label.prev": "P\u0159edchoz\u00ed",
    "label.next": "Dal\u0161\u00ed",
    "label.creategroup": "Vytvo\u0159it skupinu",
    "label.delete": "Smazat",
    "label.enternote": "Zadejte pozn\u00e1mku",
    "label.associatemembers": "P\u0159idru\u017een\u00ed \u010dlenov\u00e9",
    "label.form.accountno": "\u010c\u00edslo \u00fa\u010dtu",
    "label.addgroup": "P\u0159idat skupinu",
    "label.placeholder.amount": "\u010c\u00e1stka",
    "label.view.schedule": "Rozvrh",
    "label.form.currency": "M\u011bna",
    "label.list.amount": "\u010c\u00e1stka:",
    "label.list.active": "Aktivn\u00ed:",
    "label.id": "ID",
    "label.viewauditentry": "Zobrazen\u00ed auditu",
    "label.user": "U\u017eivatel",
    "label.action": "Akce",
    "label.entity": "Entita:"
}